product_name,category,gross_sales_sgd,quantity_sold,total_cost_sgd,total_discount_sgd,total_profit_sgd
Ca'Botta Tenuta Cajo’ Amarone Della Valpolicella DOCG 2017,Red - Italy,4048.51,27,1187.46,-1087.5,1773.55
Collefrisio In&Out 2020,Red - Italy,3500.53,31,752.68,-1062.0,1685.85
Ca'Botta Amarone Della Valpolicella DOCG 2016,Red - Italy,3047.67,25,802.0,-799.5,1446.17
Charles Tort Chateauneuf du Pape rouge 2023,Red - France,3000.83,22,935.66,-899.0,1166.17
Collefrisio Primitivo IGT Salento 2022,Red - Italy,2896.44,27,703.89,-512.5,1680.05
Charles Tort Hommage Cotes du Rhone Rouge 2023,Red - France,2653.89,32,708.16,-486.0,1459.73
Charles Tort Gigondas Rouge 2023,Red - France,2435.77,20,639.0,-611.0,1185.77
Chateau La Patache Pomerol 2021,Red - France,2297.98,17,1003.0,-442.25,852.73
package-event,Food - Package,2258.21,16,0.0,0.0,2258.21
Ca'Botta Costa Rossa Valpolicella Ripasso DOC Superiore 2018,Red - Italy,2235.64,25,647.75,-465.0,1122.89
Collefrisio Appassimento Vino Rosso 2022,Red - Italy,2225.95,28,520.52,-514.25,1191.18
Charles Tort Vacqueyras Rouge 2023,Red - France,2155.6,21,576.66,-440.0,1138.94
Collefrisio GOLF 2019,Red - Italy,2056.33,16,487.84,-560.0,1008.49
"Ca'Botta ""Cerviero"" Rosso Veneto IGT 2021",Red - Italy,2028.52,30,689.7,-256.5,1082.32
Collefrisio Ten Vintages 2019,Red - Italy,1967.64,15,457.35,-497.0,1013.29
"Ca'Botta ""Torcinato"" Valpolicella Superiore DOC 2019",Red - Italy,1958.23,24,565.44,-427.5,965.29
Free Flow,Wine By Glass,1948.62,36,0.0,0.0,1948.62
Collefrisio Semis Montepulciano D’Abruzzo DOC 2016,Red - Italy,1860.77,17,428.4,-336.0,1096.37
Collefrisio Confronto Rosso,Red - Italy,1680.73,20,443.2,-355.5,882.03
Domaine Lebreuil Savigny Les Beaune Aux Grands Liards 2022,Red - France,1560.11,14,645.12,-228.0,686.99
