period,tab,gross_sales_sgd,quantity_sold,discount_sgd
2025,Red,125683.49,1276,-28544.55
2025,White,25997.07,341,-5320.1
2025,Food,18821.1,1301,-283.27
2025,Other,18146.34,1181,-2005.65
2025,Champagne/Sparkling,14919.38,161,-3979.2
2025,Sake,6612.25,57,-1415.0
2025,Liquor,3831.66,12,-1039.0
2025,Rose,1220.35,17,-446.5
2026 YTD,Red,73211.36,719,-16182.0
2026 YTD,Food,12767.57,798,-225.6
2026 YTD,White,10881.78,141,-2468.25
2026 YTD,Other,9339.89,517,-840.9
2026 YTD,Champagne/Sparkling,5659.76,67,-1423.75
2026 YTD,Sake,4484.18,40,-986.15
2026 YTD,Liquor,4272.27,23,-1453.0
