title,status,vendor,tags,price_sgd,inventory
Collefrisio Le Cave Della Guardiuccia Rosè Brut Abruzzo DOC,ACTIVE,Cellar V SG,Exclusive wine;SGD60-SGD80,55.0,0
Ca'Botta Prosecco Doc Ym Extra Dry NV,ACTIVE,Cellar V SG,Best seller;Exclusive wine;SGD40-SGD60,46.0,12
Palazzo di Varignana Villa Amagioia Brut Blanc de Noirs NV,ACTIVE,Cellar V SG,Best seller;Exclusive wine;SGD60-SGD80,60.0,6
Giró Ribot Ab Origine Brut Rosé NV,ACTIVE,Cellar V SG,Exclusive wine;SGD40-SGD60,49.0,0
Giró Ribot Treasure Black Label Brut NV,ACTIVE,Cellar V SG,Best seller;Exclusive wine;SGD60-SGD80,60.0,3
Collefrisio Magnolia Cerasuolo d'Abruzzo DOC,ARCHIVED,Cellar V SG,Best seller;Exclusive wine;SGD60-SGD80,64.0,0
Collefrisio SEMIS Bianco Terre di Chieti IGT,ACTIVE,Cellar V SG,Exclusive wine;SGD80-SGD100,77.0,0
Collefrisio Confronto Bianco,ACTIVE,Cellar V SG,Best seller;Exclusive wine;SGD60-SGD80,63.0,0
Collefrisio Magnolia Bianco,ACTIVE,Cellar V SG,Best seller;Exclusive wine;SGD60-SGD80,64.0,0
Collefrisio Pinot Grigio Terre di Chieti IGT,ACTIVE,Cellar V SG,Best seller;Exclusive wine;SGD40-SGD60,49.0,6
Collefrisio Filare Trebbiano D'Abruzzo DOC,ACTIVE,Cellar V SG,Exclusive wine;SGD40-SGD60,49.0,6
Bodegas Alvia Livius White Fermented In Cask Reserva,ACTIVE,Cellar V SG,750ml;Exclusive wine;SGD60-SGD80,60.0,48
Collefrisio Anniversary Montepulciano Abruzzo DOC,ACTIVE,Cellar V SG,Best seller;Exclusive wine;SGD100-SGD120,98.0,0
Collefrisio Ten Vintages Montepulciano Abruzzo DOC,ACTIVE,Cellar V SG,Exclusive wine;SGD100-SGD200,98.0,6
Collefrisio In&Out Montepulciano d'Abruzzo DOC,ACTIVE,Cellar V SG,Best seller;Exclusive wine;SGD100-SGD200,84.0,0
Collefrisio Semis Montepulciano D'Abruzzo DOC,ACTIVE,Cellar V SG,Exclusive wine;SGD80-SGD100,84.0,6
Collefrisio Primitivo IGT Salento Limited Edition,ACTIVE,Cellar V SG,Exclusive wine;SGD80-SGD100,88.0,0
Collefrisio Confronto Rosso,ACTIVE,Cellar V SG,Exclusive wine;SGD60-SGD80,63.0,12
Collefrisio Appassimento Vino Rosso,ACTIVE,Cellar V SG,Best seller;Exclusive wine;SGD60-SGD80,60.0,0
Collefrisio Filare Montepulciano D'Abruzzo DOC,ACTIVE,Cellar V SG,Best seller;Exclusive wine;SGD40-SGD60,53.0,12
Collefrisio Morrecine Montepulciano D'Abruzzo DOC,ACTIVE,Cellar V SG,Exclusive wine;SGD40-SGD60,53.0,12
Ca'Botta Rubicondo Rosso Verona IGT,ACTIVE,Cellar V SG,Best seller;Exclusive wine;SGD40-SGD60,49.0,12
Collefrisio Confronto Gift Box Set,ACTIVE,Cellar V SG,Best seller;SGD40-SGD60,136.0,0
Ca'Botta Valpolicella Superiore DOC Alta,ACTIVE,Cellar V,Exclusive wine;SGD40-SGD60,52.0,12
Ca'Botta Valpolicella Ripasso DOC Superiore Alta,ACTIVE,Cellar V,Best seller;Exclusive wine;SGD60-SGD80,60.0,12
Ca'Botta Cerviero Rosso Veneto IGT,ACTIVE,Cellar V,Exclusive wine;SGD60-SGD80,63.0,12
Ca'Botta Costa Rossa Valpolicella Ripasso DOC Superiore,ACTIVE,Cellar V,Best seller;Exclusive wine;SGD60-SGD80,70.0,12
Ca'Botta Torcinato Valpolicella DOC Superiore,ACTIVE,Cellar V,Best seller;Exclusive wine;SGD60-SGD80,63.0,12
Ca'Botta Cajo' Amarone Della Valpolicella DOCG,ACTIVE,Cellar V,Best seller;Exclusive wine;SGD100-SGD120,116.0,6
Ca'Botta Pian Di Mezzo Amarone Della Valpolicella DOCG Riserva,ACTIVE,Cellar V,Exclusive wine;SGD100-SGD120,135.0,3
Ca'Botta Prometeo Amarone Della Valpolicella DOCG,ARCHIVED,Cellar V,Exclusive wine;SGD100-SGD120,120.0,0
Palazzo di Varignana Pinot Nero,ARCHIVED,Cellar V,Exclusive wine;SGD60-SGD80,64.0,0
Palazzo di Varignana Sangiovese Superiore DOC,ARCHIVED,Cellar V,Best seller;Exclusive wine;SGD60-SGD80,64.0,0
Palazzo di Varignana Chardonnay,ARCHIVED,Cellar V,Exclusive wine;SGD60-SGD80,64.0,0
Palazzo di Varignana Villa Amagioia Brut Blanc de Blanc NV,ACTIVE,Cellar V,Exclusive wine;SGD60-SGD80,60.0,6
Charles Tort Chardonnay,ACTIVE,Cellar V,Best seller;Exclusive wine;SGD40-SGD60,49.0,12
Charles Tort Sablet Cote du Rhone Villages Blanc,ACTIVE,Cellar V,Exclusive wine;SGD60-SGD80,80.0,0
Olivier Ravoire Cotes du Rhone Blanc,ACTIVE,Cellar V,Best seller;Exclusive wine;SGD60-SGD80,60.0,0
Olivier Ravoire Chateauneuf du Pape Blanc,ACTIVE,Cellar V,Exclusive wine;SGD100-SGD120,104.0,0
Manon Cotes de Provence Blanc,ACTIVE,Cellar V,Exclusive wine;SGD60-SGD80,56.0,0
Les Hauts de Beaumiere Luberon Blanc,ACTIVE,Cellar V,Exclusive wine;SGD40-SGD60,56.0,0
Charles Tort Cotes du Rhone Rouge,ACTIVE,Cellar V,Best seller;Exclusive wine;SGD60-SGD80,53.0,12
Charles Tort Sablet Cote du Rhone Villages Rouge,ACTIVE,Cellar V,Best seller;Exclusive wine;SGD60-SGD80,60.0,12
Charles Tort Hommage Cotes du Rhone Rouge,ACTIVE,Cellar V,Best seller;Exclusive wine;SGD60-SGD80,63.0,6
Charles Tort Vacqueyras Rouge,ACTIVE,Cellar V,Exclusive wine;SGD80-SGD100,77.0,12
Charles Tort Gigondas Rouge,ACTIVE,Cellar V,Best seller;Exclusive wine;SGD80-SGD100,91.0,12
Charles Tort Chateauneuf du Pape rouge,ACTIVE,Cellar V,Best seller;Exclusive wine;SGD100-SGD120,101.0,6
Olivier Ravoire Cotes du Rhone Rouge,ACTIVE,Cellar V,Exclusive wine;SGD40-SGD60,56.0,0
Olivier Ravoire Vacqueyras Rouge,ACTIVE,Cellar V,Exclusive wine;SGD80-SGD100,88.0,0
Olivier Ravoire Gigondas Rouge,ACTIVE,Cellar V,Exclusive wine;SGD80-SGD100,96.0,0
Olivier Ravoire Chateauneuf du Pape Rouge,ACTIVE,Cellar V,Exclusive wine;SGD100-SGD120,104.0,0
Olivier Ravoire Crozes Hermitage Rouge,ACTIVE,Cellar V,Exclusive wine;SGD80-SGD100,88.0,0
Olivier Ravoire Saint Joseph Rouge,ACTIVE,Cellar V,Exclusive wine;SGD80-SGD100,96.0,0
Olivier Ravoire Cote Rotie Rouge,ACTIVE,Cellar V,Exclusive wine;SGD100-SGD200,128.0,0
Collefrisio Semis Gift Box Set,ACTIVE,Cellar V,Exclusive wine;SGD100-SGD200,168.0,0
Collefrisio 6 Bottles Gift Box Set,ACTIVE,Cellar V,Exclusive wine;SGD200 and above,488.0,0
Collefrisio In & Out Original Wooden box Gift Set,ACTIVE,Cellar V,Exclusive wine;SGD100-SGD120,118.0,0
Collefrisio In & Out Twin Wooden box Gift Set,ACTIVE,Cellar V,Exclusive wine;SGD200 and above,208.0,0
Charles Tort Sauvignon,ACTIVE,Cellar V,750ml;Best seller;Exclusive wine;SGD40-SGD60,46.0,12
Charles Tort Merlot,ACTIVE,Cellar V,Best seller;Exclusive wine;SGD40-SGD60,46.0,12
Charles Tort Merlot Syrah,ACTIVE,Cellar V,Exclusive wine;SGD40-SGD60,46.0,12
Charles Tort Grenache Syrah,ACTIVE,Cellar V,Best seller;Exclusive wine;SGD40-SGD60,46.0,12
Charles Tort Syrah,ACTIVE,Cellar V,Exclusive wine;SGD40-SGD60,48.0,0
Ca'Botta Le Poggie Bianco Veneto,ACTIVE,Cellar V,Best seller;Exclusive wine;SGD40-SGD60,52.0,12
Ca'Botta Soprazocco Garda Riesling DOC,ACTIVE,Cellar V,Exclusive wine;SGD60-SGD80,52.5,0
Ca'Botta ANTON Rosso,ACTIVE,Cellar V,Exclusive wine;SGD40-SGD60,49.0,12
Ca'Botta Cabernet Sauvignon,ACTIVE,Cellar V,750ml;Exclusive wine;SGD40-SGD60,49.0,12
Ca'Botta Amarone Della Valpolicella DOCG,ACTIVE,Cellar V SG,Exclusive wine;SGD40-SGD60,91.0,12
Ca'Botta Merlot Veneto IGT,ACTIVE,Cellar V SG,Exclusive wine;SGD40-SGD60,49.0,12
